LONGITUDE,LATITUDE,FLOOR,BUILDINGID,SPACEID,RELATIVEPOSITION,USERID,PHONEID,TIMESTAMP,visible_ap_count,max_rssi,avg_rssi,min_rssi,signal_quality,is_weak_rssi,is_few_ap,is_anomaly,risk_level,evidence
-7632.143599998206,4864982.217100002,0,0,122,2,11,13,1369909710,0,,,,none,False,True,True,medium,"visible_ap_count=0 (AP数不足,阈值 3)"
-7520.724500000477,4864892.4384,2,1,15,2,2,23,1371714730,12,-92.0,-94.91666666666667,-97.0,poor,True,False,True,medium,"max_rssi=-92 dBm (弱信号,阈值 -85 dBm)"
-7521.867186445743,4864889.477093995,2,1,29,1,2,23,1371714802,8,-89.0,-92.625,-96.0,poor,True,False,True,medium,"max_rssi=-89 dBm (弱信号,阈值 -85 dBm)"
-7526.710926756263,4864892.801808476,2,1,15,1,2,23,1371714772,12,-87.0,-92.33333333333333,-96.0,poor,True,False,True,medium,"max_rssi=-87 dBm (弱信号,阈值 -85 dBm)"
-7469.739100001752,4864864.291500002,2,1,18,2,2,23,1371715871,16,-91.0,-94.125,-97.0,poor,True,False,True,medium,"max_rssi=-91 dBm (弱信号,阈值 -85 dBm)"
-7366.751436967403,4864837.214649305,2,2,121,1,11,13,1371724142,0,,,,none,False,True,True,medium,"visible_ap_count=0 (AP数不足,阈值 3)"
-7521.867186445743,4864889.477093995,2,1,29,1,2,23,1371714787,18,-86.0,-92.16666666666667,-96.0,poor,True,False,True,medium,"max_rssi=-86 dBm (弱信号,阈值 -85 dBm)"
-7517.9125519655645,4864887.2867276445,2,1,28,1,2,23,1371714817,11,-89.0,-93.18181818181819,-97.0,poor,True,False,True,medium,"max_rssi=-89 dBm (弱信号,阈值 -85 dBm)"
-7516.841499999165,4864889.291000001,2,1,28,2,2,23,1371714834,7,-86.0,-90.57142857142857,-95.0,poor,True,False,True,medium,"max_rssi=-86 dBm (弱信号,阈值 -85 dBm)"
-7521.867186445743,4864889.477093995,2,1,29,1,2,23,1371714792,11,-88.0,-92.36363636363636,-96.0,poor,True,False,True,medium,"max_rssi=-88 dBm (弱信号,阈值 -85 dBm)"
-7520.724500000477,4864892.4384,2,1,15,2,2,23,1371714717,13,-90.0,-93.3076923076923,-96.0,poor,True,False,True,medium,"max_rssi=-90 dBm (弱信号,阈值 -85 dBm)"
-7526.710926756263,4864892.801808476,2,1,15,1,2,23,1371714750,9,-88.0,-92.22222222222223,-96.0,poor,True,False,True,medium,"max_rssi=-88 dBm (弱信号,阈值 -85 dBm)"
-7520.755800001323,4864891.4821000025,2,1,29,2,2,23,1371714868,13,-89.0,-94.46153846153847,-97.0,poor,True,False,True,medium,"max_rssi=-89 dBm (弱信号,阈值 -85 dBm)"
-7520.724500000477,4864892.4384,2,1,15,2,2,23,1371714728,12,-92.0,-94.16666666666667,-97.0,poor,True,False,True,medium,"max_rssi=-92 dBm (弱信号,阈值 -85 dBm)"
-7521.867186445743,4864889.477093995,2,1,29,1,2,23,1371714790,7,-91.0,-92.57142857142857,-96.0,poor,True,False,True,medium,"max_rssi=-91 dBm (弱信号,阈值 -85 dBm)"
-7526.710926756263,4864892.801808476,2,1,15,1,2,23,1371714750,7,-88.0,-91.85714285714286,-96.0,poor,True,False,True,medium,"max_rssi=-88 dBm (弱信号,阈值 -85 dBm)"
-7516.841499999165,4864889.291000001,2,1,28,2,2,23,1371714838,8,-87.0,-91.625,-95.0,poor,True,False,True,medium,"max_rssi=-87 dBm (弱信号,阈值 -85 dBm)"
-7469.739100001752,4864864.291500002,2,1,18,2,2,23,1371715867,19,-91.0,-94.36842105263158,-98.0,poor,True,False,True,medium,"max_rssi=-91 dBm (弱信号,阈值 -85 dBm)"
-7520.724500000477,4864892.4384,2,1,15,2,2,23,1371714723,10,-90.0,-93.3,-97.0,poor,True,False,True,medium,"max_rssi=-90 dBm (弱信号,阈值 -85 dBm)"
-7520.724500000477,4864892.4384,2,1,15,2,2,23,1371714650,6,-92.0,-94.33333333333333,-97.0,poor,True,False,True,medium,"max_rssi=-92 dBm (弱信号,阈值 -85 dBm)"
-7521.867186445743,4864889.477093995,2,1,29,1,2,23,1371714792,9,-90.0,-93.33333333333333,-95.0,poor,True,False,True,medium,"max_rssi=-90 dBm (弱信号,阈值 -85 dBm)"
-7516.841499999165,4864889.291000001,2,1,28,2,2,23,1371714839,9,-88.0,-92.55555555555556,-96.0,poor,True,False,True,medium,"max_rssi=-88 dBm (弱信号,阈值 -85 dBm)"
-7526.710926756263,4864892.801808476,2,1,15,1,2,23,1371714752,13,-88.0,-93.23076923076923,-98.0,poor,True,False,True,medium,"max_rssi=-88 dBm (弱信号,阈值 -85 dBm)"
-7520.755800001323,4864891.4821000025,2,1,29,2,2,23,1371714870,11,-86.0,-92.9090909090909,-98.0,poor,True,False,True,medium,"max_rssi=-86 dBm (弱信号,阈值 -85 dBm)"
-7474.652600001544,4864865.952500001,2,1,27,2,2,23,1371715765,11,-86.0,-93.36363636363636,-97.0,poor,True,False,True,medium,"max_rssi=-86 dBm (弱信号,阈值 -85 dBm)"
-7469.739100001752,4864864.291500002,2,1,18,2,2,23,1371715870,16,-90.0,-94.0625,-99.0,poor,True,False,True,medium,"max_rssi=-90 dBm (弱信号,阈值 -85 dBm)"
-7520.724500000477,4864892.4384,2,1,15,2,2,23,1371714651,6,-90.0,-93.5,-97.0,poor,True,False,True,medium,"max_rssi=-90 dBm (弱信号,阈值 -85 dBm)"
-7521.867186445743,4864889.477093995,2,1,29,1,2,23,1371714792,11,-89.0,-92.81818181818181,-95.0,poor,True,False,True,medium,"max_rssi=-89 dBm (弱信号,阈值 -85 dBm)"
-7520.724500000477,4864892.4384,2,1,15,2,2,23,1371714722,11,-90.0,-94.36363636363636,-97.0,poor,True,False,True,medium,"max_rssi=-90 dBm (弱信号,阈值 -85 dBm)"
-7526.710926756263,4864892.801808476,2,1,15,1,2,23,1371714753,13,-86.0,-93.38461538461539,-99.0,poor,True,False,True,medium,"max_rssi=-86 dBm (弱信号,阈值 -85 dBm)"
-7516.841499999165,4864889.291000001,2,1,28,2,2,23,1371714840,8,-87.0,-92.5,-97.0,poor,True,False,True,medium,"max_rssi=-87 dBm (弱信号,阈值 -85 dBm)"
-7469.739100001752,4864864.291500002,2,1,18,2,2,23,1371715868,13,-89.0,-92.6923076923077,-99.0,poor,True,False,True,medium,"max_rssi=-89 dBm (弱信号,阈值 -85 dBm)"
-7470.518699999899,4864863.662799999,2,1,26,2,2,23,1371715828,20,-87.0,-93.15,-97.0,poor,True,False,True,medium,"max_rssi=-87 dBm (弱信号,阈值 -85 dBm)"
-7526.710926756263,4864892.801808476,2,1,15,1,2,23,1371714754,11,-88.0,-94.0,-99.0,poor,True,False,True,medium,"max_rssi=-88 dBm (弱信号,阈值 -85 dBm)"
-7521.867186445743,4864889.477093995,2,1,29,1,2,23,1371714793,8,-88.0,-91.875,-94.0,poor,True,False,True,medium,"max_rssi=-88 dBm (弱信号,阈值 -85 dBm)"
-7474.652600001544,4864865.952500001,2,1,27,2,2,23,1371715768,10,-86.0,-93.3,-98.0,poor,True,False,True,medium,"max_rssi=-86 dBm (弱信号,阈值 -85 dBm)"
-7469.739100001752,4864864.291500002,2,1,18,2,2,23,1371715868,13,-90.0,-93.3076923076923,-97.0,poor,True,False,True,medium,"max_rssi=-90 dBm (弱信号,阈值 -85 dBm)"
-7470.518699999899,4864863.662799999,2,1,26,2,2,23,1371715830,18,-86.0,-92.66666666666667,-97.0,poor,True,False,True,medium,"max_rssi=-86 dBm (弱信号,阈值 -85 dBm)"
-7520.724500000477,4864892.4384,2,1,15,2,2,23,1371714725,8,-90.0,-92.75,-97.0,poor,True,False,True,medium,"max_rssi=-90 dBm (弱信号,阈值 -85 dBm)"
-7521.867186445743,4864889.477093995,2,1,29,1,2,23,1371714796,8,-89.0,-92.625,-96.0,poor,True,False,True,medium,"max_rssi=-89 dBm (弱信号,阈值 -85 dBm)"
-7526.710926756263,4864892.801808476,2,1,15,1,2,23,1371714758,12,-86.0,-93.66666666666667,-98.0,poor,True,False,True,medium,"max_rssi=-86 dBm (弱信号,阈值 -85 dBm)"
-7470.518699999899,4864863.662799999,2,1,26,2,2,23,1371715831,13,-86.0,-92.76923076923077,-97.0,poor,True,False,True,medium,"max_rssi=-86 dBm (弱信号,阈值 -85 dBm)"
-7469.739100001752,4864864.291500002,2,1,18,2,2,23,1371715868,19,-92.0,-94.21052631578948,-97.0,poor,True,False,True,medium,"max_rssi=-92 dBm (弱信号,阈值 -85 dBm)"
-7526.710926756263,4864892.801808476,2,1,15,1,2,23,1371714758,12,-87.0,-94.08333333333333,-98.0,poor,True,False,True,medium,"max_rssi=-87 dBm (弱信号,阈值 -85 dBm)"
-7520.724500000477,4864892.4384,2,1,15,2,2,23,1371714730,8,-90.0,-94.25,-97.0,poor,True,False,True,medium,"max_rssi=-90 dBm (弱信号,阈值 -85 dBm)"
-7521.867186445743,4864889.477093995,2,1,29,1,2,23,1371714797,10,-89.0,-94.1,-97.0,poor,True,False,True,medium,"max_rssi=-89 dBm (弱信号,阈值 -85 dBm)"
-7469.739100001752,4864864.291500002,2,1,18,2,2,23,1371715868,12,-91.0,-93.5,-97.0,poor,True,False,True,medium,"max_rssi=-91 dBm (弱信号,阈值 -85 dBm)"
-7470.518699999899,4864863.662799999,2,1,26,2,2,23,1371715833,14,-86.0,-92.57142857142857,-97.0,poor,True,False,True,medium,"max_rssi=-86 dBm (弱信号,阈值 -85 dBm)"
-7521.867186445743,4864889.477093995,2,1,29,1,2,23,1371714811,9,-88.0,-92.44444444444444,-97.0,poor,True,False,True,medium,"max_rssi=-88 dBm (弱信号,阈值 -85 dBm)"
-7526.710926756263,4864892.801808476,2,1,15,1,2,23,1371714759,13,-86.0,-93.07692307692308,-98.0,poor,True,False,True,medium,"max_rssi=-86 dBm (弱信号,阈值 -85 dBm)"
-7520.724500000477,4864892.4384,2,1,15,2,2,23,1371714730,9,-90.0,-94.0,-97.0,poor,True,False,True,medium,"max_rssi=-90 dBm (弱信号,阈值 -85 dBm)"
-7469.739100001752,4864864.291500002,2,1,18,2,2,23,1371715869,17,-91.0,-94.3529411764706,-97.0,poor,True,False,True,medium,"max_rssi=-91 dBm (弱信号,阈值 -85 dBm)"
-7470.518699999899,4864863.662799999,2,1,26,2,2,23,1371715835,16,-86.0,-92.875,-97.0,poor,True,False,True,medium,"max_rssi=-86 dBm (弱信号,阈值 -85 dBm)"
-7404.491683006287,4864890.416642644,0,1,244,1,7,6,1371715871,5,-86.0,-90.2,-93.0,poor,True,False,True,medium,"max_rssi=-86 dBm (弱信号,阈值 -85 dBm)"
-7429.617124881595,4864899.692378685,0,1,238,1,7,6,1371716670,3,-86.0,-88.33333333333333,-90.0,poor,True,False,True,medium,"max_rssi=-86 dBm (弱信号,阈值 -85 dBm)"
-7429.617124881595,4864899.692378685,0,1,238,1,7,6,1371716658,4,-88.0,-89.25,-93.0,poor,True,False,True,medium,"max_rssi=-88 dBm (弱信号,阈值 -85 dBm)"
-7435.377900000662,4864892.818000004,0,1,231,2,7,6,1371716475,7,-86.0,-87.0,-89.0,poor,True,False,True,medium,"max_rssi=-86 dBm (弱信号,阈值 -85 dBm)"
-7429.617124881595,4864899.692378685,0,1,238,1,7,6,1371716666,5,-87.0,-89.6,-94.0,poor,True,False,True,medium,"max_rssi=-87 dBm (弱信号,阈值 -85 dBm)"
-7313.731119778007,4864792.063410871,1,2,136,1,7,6,1371724859,6,-87.0,-88.0,-90.0,poor,True,False,True,medium,"max_rssi=-87 dBm (弱信号,阈值 -85 dBm)"
-7404.491683006287,4864890.416642644,0,1,244,1,7,6,1371715835,3,-87.0,-90.0,-95.0,poor,True,False,True,medium,"max_rssi=-87 dBm (弱信号,阈值 -85 dBm)"
-7429.617124881595,4864899.692378685,0,1,238,1,7,6,1371716660,3,-86.0,-88.66666666666667,-91.0,poor,True,False,True,medium,"max_rssi=-86 dBm (弱信号,阈值 -85 dBm)"
-7366.2424000017345,4864841.108000003,1,2,118,2,7,6,1371724280,0,,,,none,False,True,True,medium,"visible_ap_count=0 (AP数不足,阈值 3)"
-7404.491683006287,4864890.416642644,0,1,244,1,7,6,1371715846,2,-84.0,-84.0,-84.0,medium,False,True,True,medium,"visible_ap_count=2 (AP数不足,阈值 3)"
-7404.491683006287,4864890.416642644,0,1,244,1,7,6,1371715862,6,-86.0,-89.33333333333333,-91.0,poor,True,False,True,medium,"max_rssi=-86 dBm (弱信号,阈值 -85 dBm)"
-7429.617124881595,4864899.692378685,0,1,238,1,7,6,1371716660,3,-86.0,-90.33333333333333,-96.0,poor,True,False,True,medium,"max_rssi=-86 dBm (弱信号,阈值 -85 dBm)"
-7404.491683006287,4864890.416642644,0,1,244,1,7,6,1371715839,2,-84.0,-84.0,-84.0,medium,False,True,True,medium,"visible_ap_count=2 (AP数不足,阈值 3)"
-7429.617124881595,4864899.692378685,0,1,238,1,7,6,1371716664,2,-85.0,-87.5,-90.0,medium,False,True,True,medium,"visible_ap_count=2 (AP数不足,阈值 3)"
-7424.407800000161,4864901.759999998,0,1,235,2,7,6,1371716735,2,-82.0,-82.5,-83.0,medium,False,True,True,medium,"visible_ap_count=2 (AP数不足,阈值 3)"
-7426.483600001782,4864899.974799998,0,1,238,2,7,6,1371716593,2,-76.0,-79.5,-83.0,medium,False,True,True,medium,"visible_ap_count=2 (AP数不足,阈值 3)"
-7429.617124881595,4864899.692378685,0,1,238,1,7,6,1371716664,4,-86.0,-87.75,-89.0,poor,True,False,True,medium,"max_rssi=-86 dBm (弱信号,阈值 -85 dBm)"
-7424.407800000161,4864901.759999998,0,1,235,2,7,6,1371716736,2,-86.0,-86.5,-87.0,poor,True,True,True,high,"max_rssi=-86 dBm (弱信号,阈值 -85 dBm); visible_ap_count=2 (AP数不足,阈值 3)"
-7404.491683006287,4864890.416642644,0,1,244,1,7,6,1371715867,6,-86.0,-90.0,-94.0,poor,True,False,True,medium,"max_rssi=-86 dBm (弱信号,阈值 -85 dBm)"
-7429.617124881595,4864899.692378685,0,1,238,1,7,6,1371716666,2,-87.0,-88.5,-90.0,poor,True,True,True,high,"max_rssi=-87 dBm (弱信号,阈值 -85 dBm); visible_ap_count=2 (AP数不足,阈值 3)"
-7404.491683006287,4864890.416642644,0,1,244,1,7,6,1371715845,4,-87.0,-89.75,-94.0,poor,True,False,True,medium,"max_rssi=-87 dBm (弱信号,阈值 -85 dBm)"
-7404.491683006287,4864890.416642644,0,1,244,1,7,6,1371715868,6,-87.0,-91.16666666666667,-94.0,poor,True,False,True,medium,"max_rssi=-87 dBm (弱信号,阈值 -85 dBm)"
-7429.617124881595,4864899.692378685,0,1,238,1,7,6,1371716668,3,-87.0,-88.66666666666667,-90.0,poor,True,False,True,medium,"max_rssi=-87 dBm (弱信号,阈值 -85 dBm)"
-7313.731119778007,4864792.063410871,1,2,136,1,7,6,1371724903,2,-77.0,-77.5,-78.0,medium,False,True,True,medium,"visible_ap_count=2 (AP数不足,阈值 3)"
-7404.491683006287,4864890.416642644,0,1,244,1,7,6,1371715870,3,-86.0,-91.33333333333333,-94.0,poor,True,False,True,medium,"max_rssi=-86 dBm (弱信号,阈值 -85 dBm)"
-7429.617124881595,4864899.692378685,0,1,238,1,7,6,1371716669,2,-87.0,-90.0,-93.0,poor,True,True,True,high,"max_rssi=-87 dBm (弱信号,阈值 -85 dBm); visible_ap_count=2 (AP数不足,阈值 3)"
-7524.351300001144,4864934.490199998,3,1,102,2,8,1,1371714326,0,,,,none,False,True,True,medium,"visible_ap_count=0 (AP数不足,阈值 3)"
-7524.86381759122,4864950.191375457,3,1,103,1,8,1,1371714519,0,,,,none,False,True,True,medium,"visible_ap_count=0 (AP数不足,阈值 3)"
-7537.321899998933,4864895.775700003,3,1,113,2,8,1,1371715020,0,,,,none,False,True,True,medium,"visible_ap_count=0 (AP数不足,阈值 3)"
-7568.72309999913,4864876.6818,3,1,107,2,8,1,1371715223,0,,,,none,False,True,True,medium,"visible_ap_count=0 (AP数不足,阈值 3)"
-7408.338870193809,4864811.529825352,0,2,214,1,8,1,1371719915,0,,,,none,False,True,True,medium,"visible_ap_count=0 (AP数不足,阈值 3)"
-7333.069099999964,4864771.151100002,0,2,209,2,8,1,1371720648,0,,,,none,False,True,True,medium,"visible_ap_count=0 (AP数不足,阈值 3)"
-7513.10449071601,4864943.869619727,3,1,102,1,8,1,1371714354,0,,,,none,False,True,True,medium,"visible_ap_count=0 (AP数不足,阈值 3)"
-7535.227970089763,4864893.273838371,3,1,113,1,8,1,1371715037,9,-87.0,-94.33333333333333,-98.0,poor,True,False,True,medium,"max_rssi=-87 dBm (弱信号,阈值 -85 dBm)"
-7404.835700001568,4864808.159000002,0,2,214,2,8,1,1371719836,0,,,,none,False,True,True,medium,"visible_ap_count=0 (AP数不足,阈值 3)"
-7342.435300000012,4864756.9575999975,0,2,207,2,8,1,1371720419,0,,,,none,False,True,True,medium,"visible_ap_count=0 (AP数不足,阈值 3)"
-7333.069099999964,4864769.216300003,0,2,208,2,8,1,1371720601,0,,,,none,False,True,True,medium,"visible_ap_count=0 (AP数不足,阈值 3)"
-7310.764899998903,4864807.6461,0,2,125,2,8,1,1371720834,0,,,,none,False,True,True,medium,"visible_ap_count=0 (AP数不足,阈值 3)"
-7524.351300001144,4864934.490199998,3,1,102,2,8,1,1371714312,0,,,,none,False,True,True,medium,"visible_ap_count=0 (AP数不足,阈值 3)"
-7513.10449071601,4864943.869619727,3,1,102,1,8,1,1371714358,0,,,,none,False,True,True,medium,"visible_ap_count=0 (AP数不足,阈值 3)"
-7524.86381759122,4864950.191375457,3,1,103,1,8,1,1371714504,0,,,,none,False,True,True,medium,"visible_ap_count=0 (AP数不足,阈值 3)"
-7404.436200000346,4864808.869900003,0,2,215,2,8,1,1371719872,0,,,,none,False,True,True,medium,"visible_ap_count=0 (AP数不足,阈值 3)"
-7404.835700001568,4864808.159000002,0,2,214,2,8,1,1371719839,0,,,,none,False,True,True,medium,"visible_ap_count=0 (AP数不足,阈值 3)"
-7408.338870193809,4864811.529825352,0,2,214,1,8,1,1371719901,0,,,,none,False,True,True,medium,"visible_ap_count=0 (AP数不足,阈值 3)"
-7318.694800000638,4864795.302100003,0,2,118,2,8,1,1371720735,18,-88.0,-93.11111111111111,-100.0,poor,True,False,True,medium,"max_rssi=-88 dBm (弱信号,阈值 -85 dBm)"
-7310.764899998903,4864807.6461,0,2,125,2,8,1,1371720837,0,,,,none,False,True,True,medium,"visible_ap_count=0 (AP数不足,阈值 3)"
-7524.351300001144,4864934.490199998,3,1,102,2,8,1,1371714316,0,,,,none,False,True,True,medium,"visible_ap_count=0 (AP数不足,阈值 3)"
-7524.86381759122,4864950.191375457,3,1,103,1,8,1,1371714507,0,,,,none,False,True,True,medium,"visible_ap_count=0 (AP数不足,阈值 3)"
-7537.321899998933,4864895.775700003,3,1,113,2,8,1,1371715009,0,,,,none,False,True,True,medium,"visible_ap_count=0 (AP数不足,阈值 3)"
-7408.338870193809,4864811.529825352,0,2,214,1,8,1,1371719904,0,,,,none,False,True,True,medium,"visible_ap_count=0 (AP数不足,阈值 3)"
-7333.069099999964,4864771.151100002,0,2,209,2,8,1,1371720637,0,,,,none,False,True,True,medium,"visible_ap_count=0 (AP数不足,阈值 3)"
-7537.321899998933,4864895.775700003,3,1,113,2,8,1,1371715012,0,,,,none,False,True,True,medium,"visible_ap_count=0 (AP数不足,阈值 3)"
-7559.637499999255,4864871.639600001,3,1,106,2,8,1,1371715177,0,,,,none,False,True,True,medium,"visible_ap_count=0 (AP数不足,阈值 3)"
-7535.227970089763,4864893.273838371,3,1,113,1,8,1,1371715041,0,,,,none,False,True,True,medium,"visible_ap_count=0 (AP数不足,阈值 3)"
-7320.078899998218,4864794.327799998,0,2,117,2,8,1,1371720706,0,,,,none,False,True,True,medium,"visible_ap_count=0 (AP数不足,阈值 3)"
-7314.611699998379,4864800.712399997,0,2,119,2,8,1,1371720780,0,,,,none,False,True,True,medium,"visible_ap_count=0 (AP数不足,阈值 3)"
-7539.413493216038,4864923.973005973,3,1,104,1,8,1,1371714913,0,,,,none,False,True,True,medium,"visible_ap_count=0 (AP数不足,阈值 3)"
-7559.637499999255,4864871.639600001,3,1,106,2,8,1,1371715180,0,,,,none,False,True,True,medium,"visible_ap_count=0 (AP数不足,阈值 3)"
-7535.227970089763,4864893.273838371,3,1,113,1,8,1,1371715044,0,,,,none,False,True,True,medium,"visible_ap_count=0 (AP数不足,阈值 3)"
-7411.353135820478,4864802.929530874,0,2,201,1,8,1,1371720022,0,,,,none,False,True,True,medium,"visible_ap_count=0 (AP数不足,阈值 3)"
-7314.611699998379,4864800.712399997,0,2,119,2,8,1,1371720783,0,,,,none,False,True,True,medium,"visible_ap_count=0 (AP数不足,阈值 3)"
-7320.078899998218,4864794.327799998,0,2,117,2,8,1,1371720709,0,,,,none,False,True,True,medium,"visible_ap_count=0 (AP数不足,阈值 3)"
-7318.694800000638,4864795.302100003,0,2,118,2,8,1,1371720738,0,,,,none,False,True,True,medium,"visible_ap_count=0 (AP数不足,阈值 3)"
-7535.227970089763,4864893.273838371,3,1,113,1,8,1,1371715046,10,-88.0,-93.5,-98.0,poor,True,False,True,medium,"max_rssi=-88 dBm (弱信号,阈值 -85 dBm)"
-7411.353135820478,4864802.929530874,0,2,201,1,8,1,1371720025,0,,,,none,False,True,True,medium,"visible_ap_count=0 (AP数不足,阈值 3)"
-7318.694800000638,4864795.302100003,0,2,118,2,8,1,1371720741,0,,,,none,False,True,True,medium,"visible_ap_count=0 (AP数不足,阈值 3)"
-7311.829500000924,4864805.7271,0,2,120,2,8,1,1371720812,0,,,,none,False,True,True,medium,"visible_ap_count=0 (AP数不足,阈值 3)"
-7539.413493216038,4864923.973005973,3,1,104,1,8,1,1371714915,0,,,,none,False,True,True,medium,"visible_ap_count=0 (AP数不足,阈值 3)"
-7535.227970089763,4864893.273838371,3,1,113,1,8,1,1371715047,10,-87.0,-94.4,-100.0,poor,True,False,True,medium,"max_rssi=-87 dBm (弱信号,阈值 -85 dBm)"
-7311.829500000924,4864805.7271,0,2,120,2,8,1,1371720815,0,,,,none,False,True,True,medium,"visible_ap_count=0 (AP数不足,阈值 3)"
-7519.111800000071,4864949.509800002,3,1,102,2,8,1,1371714440,0,,,,none,False,True,True,medium,"visible_ap_count=0 (AP数不足,阈值 3)"
-7513.10449071601,4864943.869619727,3,1,102,1,8,1,1371714365,0,,,,none,False,True,True,medium,"visible_ap_count=0 (AP数不足,阈值 3)"
-7539.413493216038,4864923.973005973,3,1,104,1,8,1,1371714918,0,,,,none,False,True,True,medium,"visible_ap_count=0 (AP数不足,阈值 3)"
-7535.227970089763,4864893.273838371,3,1,113,1,8,1,1371715049,9,-86.0,-93.0,-98.0,poor,True,False,True,medium,"max_rssi=-86 dBm (弱信号,阈值 -85 dBm)"
-7536.165800001472,4864897.859200001,3,1,112,2,8,1,1371715298,0,,,,none,False,True,True,medium,"visible_ap_count=0 (AP数不足,阈值 3)"
-7404.835700001568,4864808.159000002,0,2,214,2,8,1,1371719848,0,,,,none,False,True,True,medium,"visible_ap_count=0 (AP数不足,阈值 3)"
-7404.436200000346,4864808.869900003,0,2,215,2,8,1,1371719880,0,,,,none,False,True,True,medium,"visible_ap_count=0 (AP数不足,阈值 3)"
-7310.764899998903,4864807.6461,0,2,125,2,8,1,1371720844,0,,,,none,False,True,True,medium,"visible_ap_count=0 (AP数不足,阈值 3)"
-7519.111800000071,4864949.509800002,3,1,102,2,8,1,1371714443,0,,,,none,False,True,True,medium,"visible_ap_count=0 (AP数不足,阈值 3)"
-7513.10449071601,4864943.869619727,3,1,102,1,8,1,1371714368,0,,,,none,False,True,True,medium,"visible_ap_count=0 (AP数不足,阈值 3)"
-7524.86381759122,4864950.191375457,3,1,103,1,8,1,1371714516,0,,,,none,False,True,True,medium,"visible_ap_count=0 (AP数不足,阈值 3)"
-7524.351300001144,4864934.490199998,3,1,102,2,8,1,1371714323,0,,,,none,False,True,True,medium,"visible_ap_count=0 (AP数不足,阈值 3)"
-7533.671000000089,4864939.661899999,3,1,116,2,8,1,1371714576,0,,,,none,False,True,True,medium,"visible_ap_count=0 (AP数不足,阈值 3)"
-7535.227970089763,4864893.273838371,3,1,113,1,8,1,1371715050,10,-89.0,-94.5,-100.0,poor,True,False,True,medium,"max_rssi=-89 dBm (弱信号,阈值 -85 dBm)"
-7568.72309999913,4864876.6818,3,1,107,2,8,1,1371715220,0,,,,none,False,True,True,medium,"visible_ap_count=0 (AP数不足,阈值 3)"
-7536.165800001472,4864897.859200001,3,1,112,2,8,1,1371715301,0,,,,none,False,True,True,medium,"visible_ap_count=0 (AP数不足,阈值 3)"
-7404.835700001568,4864808.159000002,0,2,214,2,8,1,1371719851,0,,,,none,False,True,True,medium,"visible_ap_count=0 (AP数不足,阈值 3)"
-7404.436200000346,4864808.869900003,0,2,215,2,8,1,1371719883,0,,,,none,False,True,True,medium,"visible_ap_count=0 (AP数不足,阈值 3)"
-7408.338870193809,4864811.529825352,0,2,214,1,8,1,1371719912,0,,,,none,False,True,True,medium,"visible_ap_count=0 (AP数不足,阈值 3)"
-7333.069099999964,4864771.151100002,0,2,209,2,8,1,1371720645,0,,,,none,False,True,True,medium,"visible_ap_count=0 (AP数不足,阈值 3)"
-7310.764899998903,4864807.6461,0,2,125,2,8,1,1371720847,0,,,,none,False,True,True,medium,"visible_ap_count=0 (AP数不足,阈值 3)"
-7426.483600001782,4864899.974799998,0,1,238,2,16,14,1371715499,2,-76.0,-76.0,-76.0,medium,False,True,True,medium,"visible_ap_count=2 (AP数不足,阈值 3)"
-7394.577824883163,4864836.924705662,3,2,140,1,11,13,1371715134,8,-87.0,-93.375,-97.0,poor,True,False,True,medium,"max_rssi=-87 dBm (弱信号,阈值 -85 dBm)"
-7313.731119778007,4864792.063410871,3,2,136,1,11,13,1371717463,11,-88.0,-92.9090909090909,-96.0,poor,True,False,True,medium,"max_rssi=-88 dBm (弱信号,阈值 -85 dBm)"
-7313.731119778007,4864792.063410871,3,2,136,1,11,13,1371717476,14,-88.0,-93.92857142857143,-96.0,poor,True,False,True,medium,"max_rssi=-88 dBm (弱信号,阈值 -85 dBm)"
-7510.211205821484,4864949.287095763,1,1,103,1,11,13,1371720401,12,-87.0,-91.83333333333333,-98.0,poor,True,False,True,medium,"max_rssi=-87 dBm (弱信号,阈值 -85 dBm)"
-7537.241000000387,4864895.7321000025,1,1,117,2,11,13,1371721639,20,-86.0,-91.05,-98.0,poor,True,False,True,medium,"max_rssi=-86 dBm (弱信号,阈值 -85 dBm)"
-7313.731119778007,4864792.063410871,3,2,136,1,11,13,1371717453,12,-86.0,-92.75,-99.0,poor,True,False,True,medium,"max_rssi=-86 dBm (弱信号,阈值 -85 dBm)"
-7313.065520714968,4864792.170037955,2,2,139,1,11,13,1371723095,12,-86.0,-92.0,-99.0,poor,True,False,True,medium,"max_rssi=-86 dBm (弱信号,阈值 -85 dBm)"
-7313.065520714968,4864792.170037955,2,2,139,1,11,13,1371723111,7,-89.0,-91.71428571428571,-95.0,poor,True,False,True,medium,"max_rssi=-89 dBm (弱信号,阈值 -85 dBm)"
-7313.065520714968,4864792.170037955,2,2,139,1,11,13,1371723124,7,-88.0,-92.42857142857143,-95.0,poor,True,False,True,medium,"max_rssi=-88 dBm (弱信号,阈值 -85 dBm)"
-7394.577824883163,4864836.924705662,3,2,140,1,11,13,1371715107,13,-89.0,-93.92307692307692,-97.0,poor,True,False,True,medium,"max_rssi=-89 dBm (弱信号,阈值 -85 dBm)"
-7394.577824883163,4864836.924705662,3,2,140,1,11,13,1371715125,11,-86.0,-93.0909090909091,-97.0,poor,True,False,True,medium,"max_rssi=-86 dBm (弱信号,阈值 -85 dBm)"
-7313.065520714968,4864792.170037955,2,2,139,1,11,13,1371723096,9,-87.0,-90.88888888888889,-99.0,poor,True,False,True,medium,"max_rssi=-87 dBm (弱信号,阈值 -85 dBm)"
-7313.065520714968,4864792.170037955,2,2,139,1,11,13,1371723125,9,-87.0,-92.88888888888889,-97.0,poor,True,False,True,medium,"max_rssi=-87 dBm (弱信号,阈值 -85 dBm)"
-7394.577824883163,4864836.924705662,3,2,140,1,11,13,1371715125,9,-89.0,-92.66666666666667,-97.0,poor,True,False,True,medium,"max_rssi=-89 dBm (弱信号,阈值 -85 dBm)"
-7394.577824883163,4864836.924705662,3,2,140,1,11,13,1371715108,14,-88.0,-93.21428571428571,-97.0,poor,True,False,True,medium,"max_rssi=-88 dBm (弱信号,阈值 -85 dBm)"
-7313.731119778007,4864792.063410871,3,2,136,1,11,13,1371717455,12,-86.0,-90.66666666666667,-98.0,poor,True,False,True,medium,"max_rssi=-86 dBm (弱信号,阈值 -85 dBm)"
-7313.065520714968,4864792.170037955,2,2,139,1,11,13,1371723097,11,-87.0,-93.0909090909091,-99.0,poor,True,False,True,medium,"max_rssi=-87 dBm (弱信号,阈值 -85 dBm)"
-7313.065520714968,4864792.170037955,2,2,139,1,11,13,1371723112,8,-86.0,-92.5,-98.0,poor,True,False,True,medium,"max_rssi=-86 dBm (弱信号,阈值 -85 dBm)"
-7394.577824883163,4864836.924705662,3,2,140,1,11,13,1371715109,10,-87.0,-93.6,-98.0,poor,True,False,True,medium,"max_rssi=-87 dBm (弱信号,阈值 -85 dBm)"
-7313.731119778007,4864792.063410871,3,2,136,1,11,13,1371717456,10,-86.0,-91.8,-97.0,poor,True,False,True,medium,"max_rssi=-86 dBm (弱信号,阈值 -85 dBm)"
-7313.065520714968,4864792.170037955,2,2,139,1,11,13,1371723113,7,-87.0,-91.42857142857143,-95.0,poor,True,False,True,medium,"max_rssi=-87 dBm (弱信号,阈值 -85 dBm)"
-7313.731119778007,4864792.063410871,3,2,136,1,11,13,1371717484,11,-86.0,-91.0,-97.0,poor,True,False,True,medium,"max_rssi=-86 dBm (弱信号,阈值 -85 dBm)"
-7313.731119778007,4864792.063410871,3,2,136,1,11,13,1371717457,9,-88.0,-93.11111111111111,-98.0,poor,True,False,True,medium,"max_rssi=-88 dBm (弱信号,阈值 -85 dBm)"
-7313.731119778007,4864792.063410871,3,2,136,1,11,13,1371717471,13,-87.0,-91.15384615384616,-97.0,poor,True,False,True,medium,"max_rssi=-87 dBm (弱信号,阈值 -85 dBm)"
-7313.065520714968,4864792.170037955,2,2,139,1,11,13,1371723114,6,-89.0,-92.83333333333333,-97.0,poor,True,False,True,medium,"max_rssi=-89 dBm (弱信号,阈值 -85 dBm)"
-7313.065520714968,4864792.170037955,2,2,139,1,11,13,1371723099,16,-86.0,-92.625,-97.0,poor,True,False,True,medium,"max_rssi=-86 dBm (弱信号,阈值 -85 dBm)"
-7394.577824883163,4864836.924705662,3,2,140,1,11,13,1371715129,7,-86.0,-91.28571428571429,-98.0,poor,True,False,True,medium,"max_rssi=-86 dBm (弱信号,阈值 -85 dBm)"
-7313.731119778007,4864792.063410871,3,2,136,1,11,13,1371717459,7,-87.0,-93.14285714285714,-97.0,poor,True,False,True,medium,"max_rssi=-87 dBm (弱信号,阈值 -85 dBm)"
-7313.731119778007,4864792.063410871,3,2,136,1,11,13,1371717472,11,-87.0,-92.27272727272727,-98.0,poor,True,False,True,medium,"max_rssi=-87 dBm (弱信号,阈值 -85 dBm)"
-7313.731119778007,4864792.063410871,3,2,136,1,11,13,1371717485,12,-86.0,-92.25,-99.0,poor,True,False,True,medium,"max_rssi=-86 dBm (弱信号,阈值 -85 dBm)"
-7394.577824883163,4864836.924705662,3,2,140,1,11,13,1371715131,6,-86.0,-90.16666666666667,-96.0,poor,True,False,True,medium,"max_rssi=-86 dBm (弱信号,阈值 -85 dBm)"
-7313.731119778007,4864792.063410871,3,2,136,1,11,13,1371717486,9,-87.0,-92.33333333333333,-99.0,poor,True,False,True,medium,"max_rssi=-87 dBm (弱信号,阈值 -85 dBm)"
-7313.731119778007,4864792.063410871,3,2,136,1,11,13,1371717460,9,-88.0,-92.22222222222223,-96.0,poor,True,False,True,medium,"max_rssi=-88 dBm (弱信号,阈值 -85 dBm)"
-7313.731119778007,4864792.063410871,3,2,136,1,11,13,1371717473,10,-86.0,-91.6,-97.0,poor,True,False,True,medium,"max_rssi=-86 dBm (弱信号,阈值 -85 dBm)"
-7313.065520714968,4864792.170037955,2,2,139,1,11,13,1371723104,9,-86.0,-92.22222222222223,-98.0,poor,True,False,True,medium,"max_rssi=-86 dBm (弱信号,阈值 -85 dBm)"
-7313.065520714968,4864792.170037955,2,2,139,1,11,13,1371723132,14,-86.0,-91.42857142857143,-97.0,poor,True,False,True,medium,"max_rssi=-86 dBm (弱信号,阈值 -85 dBm)"
-7313.731119778007,4864792.063410871,3,2,136,1,11,13,1371717461,9,-88.0,-91.88888888888889,-96.0,poor,True,False,True,medium,"max_rssi=-88 dBm (弱信号,阈值 -85 dBm)"
-7313.731119778007,4864792.063410871,3,2,136,1,11,13,1371717487,8,-88.0,-92.125,-98.0,poor,True,False,True,medium,"max_rssi=-88 dBm (弱信号,阈值 -85 dBm)"
-7313.065520714968,4864792.170037955,2,2,139,1,11,13,1371723117,13,-87.0,-93.38461538461539,-99.0,poor,True,False,True,medium,"max_rssi=-87 dBm (弱信号,阈值 -85 dBm)"
-7394.577824883163,4864836.924705662,3,2,140,1,11,13,1371715133,11,-87.0,-93.45454545454545,-97.0,poor,True,False,True,medium,"max_rssi=-87 dBm (弱信号,阈值 -85 dBm)"
-7313.731119778007,4864792.063410871,3,2,136,1,11,13,1371717476,13,-87.0,-92.6923076923077,-96.0,poor,True,False,True,medium,"max_rssi=-87 dBm (弱信号,阈值 -85 dBm)"
-7313.731119778007,4864792.063410871,3,2,136,1,11,13,1371717488,9,-86.0,-91.11111111111111,-97.0,poor,True,False,True,medium,"max_rssi=-86 dBm (弱信号,阈值 -85 dBm)"
-7313.731119778007,4864792.063410871,3,2,136,1,11,13,1371717462,9,-88.0,-92.77777777777777,-96.0,poor,True,False,True,medium,"max_rssi=-88 dBm (弱信号,阈值 -85 dBm)"
-7313.065520714968,4864792.170037955,2,2,139,1,11,13,1371723105,9,-86.0,-91.55555555555556,-96.0,poor,True,False,True,medium,"max_rssi=-86 dBm (弱信号,阈值 -85 dBm)"
-7313.065520714968,4864792.170037955,2,2,139,1,11,13,1371723119,10,-87.0,-93.7,-98.0,poor,True,False,True,medium,"max_rssi=-87 dBm (弱信号,阈值 -85 dBm)"
-7313.065520714968,4864792.170037955,2,2,139,1,11,13,1371723144,10,-86.0,-91.1,-94.0,poor,True,False,True,medium,"max_rssi=-86 dBm (弱信号,阈值 -85 dBm)"
-7426.483600001782,4864899.974799998,0,1,238,2,16,14,1371715500,2,-80.0,-81.0,-82.0,medium,False,True,True,medium,"visible_ap_count=2 (AP数不足,阈值 3)"
-7394.577824883163,4864836.924705662,0,2,112,1,17,22,1371719935,2,-92.0,-92.5,-93.0,poor,True,True,True,high,"max_rssi=-92 dBm (弱信号,阈值 -85 dBm); visible_ap_count=2 (AP数不足,阈值 3)"
-7394.577824883163,4864836.924705662,0,2,112,1,17,22,1371719948,4,-90.0,-93.25,-97.0,poor,True,False,True,medium,"max_rssi=-90 dBm (弱信号,阈值 -85 dBm)"
-7394.577824883163,4864836.924705662,0,2,112,1,17,22,1371719937,2,-89.0,-90.0,-91.0,poor,True,True,True,high,"max_rssi=-89 dBm (弱信号,阈值 -85 dBm); visible_ap_count=2 (AP数不足,阈值 3)"
-7338.753299999982,4864825.8571000025,0,2,110,2,17,22,1371721872,0,,,,none,False,True,True,medium,"visible_ap_count=0 (AP数不足,阈值 3)"
-7394.577824883163,4864836.924705662,0,2,112,1,17,22,1371719938,5,-92.0,-94.4,-96.0,poor,True,False,True,medium,"max_rssi=-92 dBm (弱信号,阈值 -85 dBm)"
-7345.411800000817,4864829.551200002,0,2,111,2,17,22,1371721813,0,,,,none,False,True,True,medium,"visible_ap_count=0 (AP数不足,阈值 3)"
-7338.753299999982,4864825.8571000025,0,2,110,2,17,22,1371721875,0,,,,none,False,True,True,medium,"visible_ap_count=0 (AP数不足,阈值 3)"
-7336.2989999987185,4864829.050399996,0,2,107,2,17,22,1371721936,0,,,,none,False,True,True,medium,"visible_ap_count=0 (AP数不足,阈值 3)"
-7394.577824883163,4864836.924705662,0,2,112,1,17,22,1371719940,3,-90.0,-92.0,-96.0,poor,True,False,True,medium,"max_rssi=-90 dBm (弱信号,阈值 -85 dBm)"
-7394.577824883163,4864836.924705662,0,2,112,1,17,22,1371719941,4,-90.0,-94.25,-97.0,poor,True,False,True,medium,"max_rssi=-90 dBm (弱信号,阈值 -85 dBm)"
-7390.734700001776,4864835.035099998,0,2,113,2,17,22,1371719998,6,-90.0,-94.16666666666667,-97.0,poor,True,False,True,medium,"max_rssi=-90 dBm (弱信号,阈值 -85 dBm)"
-7394.577824883163,4864836.924705662,0,2,112,1,17,22,1371719942,4,-87.0,-91.25,-96.0,poor,True,False,True,medium,"max_rssi=-87 dBm (弱信号,阈值 -85 dBm)"
-7390.734700001776,4864835.035099998,0,2,113,2,17,22,1371720000,9,-90.0,-93.55555555555556,-97.0,poor,True,False,True,medium,"max_rssi=-90 dBm (弱信号,阈值 -85 dBm)"
-7394.577824883163,4864836.924705662,0,2,112,1,17,22,1371719944,5,-91.0,-94.6,-97.0,poor,True,False,True,medium,"max_rssi=-91 dBm (弱信号,阈值 -85 dBm)"
-7394.577824883163,4864836.924705662,0,2,112,1,17,22,1371719945,7,-89.0,-94.85714285714286,-98.0,poor,True,False,True,medium,"max_rssi=-89 dBm (弱信号,阈值 -85 dBm)"
-7390.734700001776,4864835.035099998,0,2,113,2,17,22,1371720004,7,-86.0,-91.0,-97.0,poor,True,False,True,medium,"max_rssi=-86 dBm (弱信号,阈值 -85 dBm)"
-7394.577824883163,4864836.924705662,0,2,112,1,17,22,1371719947,7,-90.0,-94.42857142857143,-98.0,poor,True,False,True,medium,"max_rssi=-90 dBm (弱信号,阈值 -85 dBm)"
-7352.555199999362,4864833.5141,0,2,124,2,17,22,1371721691,0,,,,none,False,True,True,medium,"visible_ap_count=0 (AP数不足,阈值 3)"
-7359.913360092789,4864833.420775659,0,2,127,1,17,22,1371721753,0,,,,none,False,True,True,medium,"visible_ap_count=0 (AP数不足,阈值 3)"
-7512.540187384933,4864885.307564937,3,1,4,1,17,22,1371714832,6,-87.0,-92.33333333333333,-97.0,poor,True,False,True,medium,"max_rssi=-87 dBm (弱信号,阈值 -85 dBm)"
-7516.198399998248,4864889.940200001,3,1,4,2,17,22,1371714665,4,-92.0,-93.5,-96.0,poor,True,False,True,medium,"max_rssi=-92 dBm (弱信号,阈值 -85 dBm)"
-7516.198399998248,4864889.940200001,3,1,4,2,17,22,1371714767,8,-87.0,-91.5,-97.0,poor,True,False,True,medium,"max_rssi=-87 dBm (弱信号,阈值 -85 dBm)"
-7516.198399998248,4864889.940200001,3,1,4,2,17,22,1371714718,4,-90.0,-91.75,-94.0,poor,True,False,True,medium,"max_rssi=-90 dBm (弱信号,阈值 -85 dBm)"
-7480.315432280302,4864867.4245626405,3,1,5,1,17,22,1371715119,7,-89.0,-93.42857142857143,-97.0,poor,True,False,True,medium,"max_rssi=-89 dBm (弱信号,阈值 -85 dBm)"
-7469.9224000014365,4864864.392999999,3,1,6,2,17,22,1371715188,1,-95.0,-95.0,-95.0,poor,True,True,True,high,"max_rssi=-95 dBm (弱信号,阈值 -85 dBm); visible_ap_count=1 (AP数不足,阈值 3)"
-7474.607500001788,4864866.886100002,3,1,5,2,17,22,1371715071,2,-86.0,-87.0,-88.0,poor,True,True,True,high,"max_rssi=-86 dBm (弱信号,阈值 -85 dBm); visible_ap_count=2 (AP数不足,阈值 3)"
-7520.675900001079,4864892.411499999,3,1,3,2,17,22,1371714994,1,-94.0,-94.0,-94.0,poor,True,True,True,high,"max_rssi=-94 dBm (弱信号,阈值 -85 dBm); visible_ap_count=1 (AP数不足,阈值 3)"
-7474.670000001788,4864865.918799996,3,1,12,2,17,22,1371715612,4,-87.0,-93.0,-98.0,poor,True,False,True,medium,"max_rssi=-87 dBm (弱信号,阈值 -85 dBm)"
-7466.322678111494,4864859.6990203485,3,1,6,1,17,22,1371715304,6,-86.0,-90.16666666666667,-97.0,poor,True,False,True,medium,"max_rssi=-86 dBm (弱信号,阈值 -85 dBm)"
-7470.539500001818,4864863.624300003,3,1,11,2,17,22,1371715571,9,-88.0,-93.33333333333333,-99.0,poor,True,False,True,medium,"max_rssi=-88 dBm (弱信号,阈值 -85 dBm)"
-7470.539500001818,4864863.624300003,3,1,11,2,17,22,1371715521,5,-92.0,-93.6,-97.0,poor,True,False,True,medium,"max_rssi=-92 dBm (弱信号,阈值 -85 dBm)"
-7520.755800001323,4864891.4821000025,3,1,14,2,17,22,1371715840,7,-92.0,-94.57142857142857,-97.0,poor,True,False,True,medium,"max_rssi=-92 dBm (弱信号,阈值 -85 dBm)"
-7526.49931300804,4864893.093802638,3,1,3,1,17,22,1371716317,2,-93.0,-93.0,-93.0,poor,True,True,True,high,"max_rssi=-93 dBm (弱信号,阈值 -85 dBm); visible_ap_count=2 (AP数不足,阈值 3)"
-7526.49931300804,4864893.093802638,3,1,3,1,17,22,1371716277,2,-93.0,-93.0,-93.0,poor,True,True,True,high,"max_rssi=-93 dBm (弱信号,阈值 -85 dBm); visible_ap_count=2 (AP数不足,阈值 3)"
-7516.841499999165,4864889.291000001,3,1,13,2,17,22,1371715682,8,-91.0,-92.875,-95.0,poor,True,False,True,medium,"max_rssi=-91 dBm (弱信号,阈值 -85 dBm)"
-7516.198399998248,4864889.940200001,3,1,4,2,17,22,1371714704,4,-88.0,-89.25,-91.0,poor,True,False,True,medium,"max_rssi=-88 dBm (弱信号,阈值 -85 dBm)"
-7516.198399998248,4864889.940200001,3,1,4,2,17,22,1371714654,5,-91.0,-92.2,-93.0,poor,True,False,True,medium,"max_rssi=-91 dBm (弱信号,阈值 -85 dBm)"
-7516.198399998248,4864889.940200001,3,1,4,2,17,22,1371714753,8,-90.0,-92.25,-96.0,poor,True,False,True,medium,"max_rssi=-90 dBm (弱信号,阈值 -85 dBm)"
-7520.675900001079,4864892.411499999,3,1,3,2,17,22,1371714976,1,-94.0,-94.0,-94.0,poor,True,True,True,high,"max_rssi=-94 dBm (弱信号,阈值 -85 dBm); visible_ap_count=1 (AP数不足,阈值 3)"
-7480.315432280302,4864867.4245626405,3,1,5,1,17,22,1371715105,8,-86.0,-94.5,-97.0,poor,True,False,True,medium,"max_rssi=-86 dBm (弱信号,阈值 -85 dBm)"
-7474.607500001788,4864866.886100002,3,1,5,2,17,22,1371715057,3,-90.0,-92.33333333333333,-95.0,poor,True,False,True,medium,"max_rssi=-90 dBm (弱信号,阈值 -85 dBm)"
-7512.540187384933,4864885.307564937,3,1,4,1,17,22,1371714892,1,-92.0,-92.0,-92.0,poor,True,True,True,high,"max_rssi=-92 dBm (弱信号,阈值 -85 dBm); visible_ap_count=1 (AP数不足,阈值 3)"
-7469.9224000014365,4864864.392999999,3,1,6,2,17,22,1371715160,2,-92.0,-92.0,-92.0,poor,True,True,True,high,"max_rssi=-92 dBm (弱信号,阈值 -85 dBm); visible_ap_count=2 (AP数不足,阈值 3)"
-7516.841499999165,4864889.291000001,3,1,13,2,17,22,1371715666,8,-90.0,-93.875,-97.0,poor,True,False,True,medium,"max_rssi=-90 dBm (弱信号,阈值 -85 dBm)"
-7474.670000001788,4864865.918799996,3,1,12,2,17,22,1371715599,8,-87.0,-94.25,-99.0,poor,True,False,True,medium,"max_rssi=-87 dBm (弱信号,阈值 -85 dBm)"
-7470.539500001818,4864863.624300003,3,1,11,2,17,22,1371715511,2,-94.0,-94.5,-95.0,poor,True,True,True,high,"max_rssi=-94 dBm (弱信号,阈值 -85 dBm); visible_ap_count=2 (AP数不足,阈值 3)"
-7470.539500001818,4864863.624300003,3,1,11,2,17,22,1371715555,7,-88.0,-91.42857142857143,-95.0,poor,True,False,True,medium,"max_rssi=-88 dBm (弱信号,阈值 -85 dBm)"
-7526.49931300804,4864893.093802638,3,1,3,1,17,22,1371716250,1,-91.0,-91.0,-91.0,poor,True,True,True,high,"max_rssi=-91 dBm (弱信号,阈值 -85 dBm); visible_ap_count=1 (AP数不足,阈值 3)"
-7520.755800001323,4864891.4821000025,3,1,14,2,17,22,1371715827,2,-92.0,-94.0,-96.0,poor,True,True,True,high,"max_rssi=-92 dBm (弱信号,阈值 -85 dBm); visible_ap_count=2 (AP数不足,阈值 3)"
-7526.49931300804,4864893.093802638,3,1,3,1,17,22,1371716304,2,-92.0,-92.0,-92.0,poor,True,True,True,high,"max_rssi=-92 dBm (弱信号,阈值 -85 dBm); visible_ap_count=2 (AP数不足,阈值 3)"
-7516.198399998248,4864889.940200001,3,1,4,2,17,22,1371714754,6,-88.0,-90.66666666666667,-93.0,poor,True,False,True,medium,"max_rssi=-88 dBm (弱信号,阈值 -85 dBm)"
-7474.607500001788,4864866.886100002,3,1,5,2,17,22,1371715059,4,-86.0,-90.5,-95.0,poor,True,False,True,medium,"max_rssi=-86 dBm (弱信号,阈值 -85 dBm)"
-7480.315432280302,4864867.4245626405,3,1,5,1,17,22,1371715107,8,-87.0,-93.875,-98.0,poor,True,False,True,medium,"max_rssi=-87 dBm (弱信号,阈值 -85 dBm)"
-7520.675900001079,4864892.411499999,3,1,3,2,17,22,1371714977,2,-92.0,-93.0,-94.0,poor,True,True,True,high,"max_rssi=-92 dBm (弱信号,阈值 -85 dBm); visible_ap_count=2 (AP数不足,阈值 3)"
-7469.9224000014365,4864864.392999999,3,1,6,2,17,22,1371715171,2,-95.0,-95.0,-95.0,poor,True,True,True,high,"max_rssi=-95 dBm (弱信号,阈值 -85 dBm); visible_ap_count=2 (AP数不足,阈值 3)"
-7512.540187384933,4864885.307564937,3,1,4,1,17,22,1371714894,3,-91.0,-92.66666666666667,-95.0,poor,True,False,True,medium,"max_rssi=-91 dBm (弱信号,阈值 -85 dBm)"
-7474.670000001788,4864865.918799996,3,1,12,2,17,22,1371715600,5,-89.0,-92.6,-98.0,poor,True,False,True,medium,"max_rssi=-89 dBm (弱信号,阈值 -85 dBm)"
-7470.539500001818,4864863.624300003,3,1,11,2,17,22,1371715557,10,-87.0,-92.9,-99.0,poor,True,False,True,medium,"max_rssi=-87 dBm (弱信号,阈值 -85 dBm)"
-7470.539500001818,4864863.624300003,3,1,11,2,17,22,1371715510,3,-91.0,-93.0,-94.0,poor,True,False,True,medium,"max_rssi=-91 dBm (弱信号,阈值 -85 dBm)"
-7526.49931300804,4864893.093802638,3,1,3,1,17,22,1371716306,2,-92.0,-92.5,-93.0,poor,True,True,True,high,"max_rssi=-92 dBm (弱信号,阈值 -85 dBm); visible_ap_count=2 (AP数不足,阈值 3)"
-7516.841499999165,4864889.291000001,3,1,13,2,17,22,1371715667,7,-89.0,-92.14285714285714,-96.0,poor,True,False,True,medium,"max_rssi=-89 dBm (弱信号,阈值 -85 dBm)"
-7526.49931300804,4864893.093802638,3,1,3,1,17,22,1371716250,1,-91.0,-91.0,-91.0,poor,True,True,True,high,"max_rssi=-91 dBm (弱信号,阈值 -85 dBm); visible_ap_count=1 (AP数不足,阈值 3)"
-7520.755800001323,4864891.4821000025,3,1,14,2,17,22,1371715828,6,-93.0,-94.16666666666667,-97.0,poor,True,False,True,medium,"max_rssi=-93 dBm (弱信号,阈值 -85 dBm)"
-7520.675900001079,4864892.411499999,3,1,3,2,17,22,1371714978,2,-93.0,-93.5,-94.0,poor,True,True,True,high,"max_rssi=-93 dBm (弱信号,阈值 -85 dBm); visible_ap_count=2 (AP数不足,阈值 3)"
-7512.540187384933,4864885.307564937,3,1,4,1,17,22,1371714896,2,-92.0,-93.0,-94.0,poor,True,True,True,high,"max_rssi=-92 dBm (弱信号,阈值 -85 dBm); visible_ap_count=2 (AP数不足,阈值 3)"
-7469.9224000014365,4864864.392999999,3,1,6,2,17,22,1371715174,0,,,,none,False,True,True,medium,"visible_ap_count=0 (AP数不足,阈值 3)"
-7474.607500001788,4864866.886100002,3,1,5,2,17,22,1371715060,4,-88.0,-91.5,-96.0,poor,True,False,True,medium,"max_rssi=-88 dBm (弱信号,阈值 -85 dBm)"
-7480.315432280302,4864867.4245626405,3,1,5,1,17,22,1371715108,5,-87.0,-92.0,-96.0,poor,True,False,True,medium,"max_rssi=-87 dBm (弱信号,阈值 -85 dBm)"
-7470.539500001818,4864863.624300003,3,1,11,2,17,22,1371715558,6,-87.0,-91.16666666666667,-94.0,poor,True,False,True,medium,"max_rssi=-87 dBm (弱信号,阈值 -85 dBm)"
-7470.539500001818,4864863.624300003,3,1,11,2,17,22,1371715511,2,-91.0,-92.0,-93.0,poor,True,True,True,high,"max_rssi=-91 dBm (弱信号,阈值 -85 dBm); visible_ap_count=2 (AP数不足,阈值 3)"
-7474.670000001788,4864865.918799996,3,1,12,2,17,22,1371715602,3,-88.0,-92.0,-99.0,poor,True,False,True,medium,"max_rssi=-88 dBm (弱信号,阈值 -85 dBm)"
-7516.841499999165,4864889.291000001,3,1,13,2,17,22,1371715669,7,-91.0,-92.71428571428571,-97.0,poor,True,False,True,medium,"max_rssi=-91 dBm (弱信号,阈值 -85 dBm)"
-7520.755800001323,4864891.4821000025,3,1,14,2,17,22,1371715830,4,-91.0,-94.5,-97.0,poor,True,False,True,medium,"max_rssi=-91 dBm (弱信号,阈值 -85 dBm)"
-7526.49931300804,4864893.093802638,3,1,3,1,17,22,1371716307,2,-93.0,-93.0,-93.0,poor,True,True,True,high,"max_rssi=-93 dBm (弱信号,阈值 -85 dBm); visible_ap_count=2 (AP数不足,阈值 3)"
-7526.49931300804,4864893.093802638,3,1,3,1,17,22,1371716250,4,-91.0,-93.25,-96.0,poor,True,False,True,medium,"max_rssi=-91 dBm (弱信号,阈值 -85 dBm)"
-7512.540187384933,4864885.307564937,3,1,4,1,17,22,1371714897,2,-92.0,-93.0,-94.0,poor,True,True,True,high,"max_rssi=-92 dBm (弱信号,阈值 -85 dBm); visible_ap_count=2 (AP数不足,阈值 3)"
-7516.198399998248,4864889.940200001,3,1,4,2,17,22,1371714756,6,-89.0,-90.66666666666667,-91.0,poor,True,False,True,medium,"max_rssi=-89 dBm (弱信号,阈值 -85 dBm)"
-7474.607500001788,4864866.886100002,3,1,5,2,17,22,1371715062,4,-87.0,-90.75,-95.0,poor,True,False,True,medium,"max_rssi=-87 dBm (弱信号,阈值 -85 dBm)"
-7469.9224000014365,4864864.392999999,3,1,6,2,17,22,1371715175,0,,,,none,False,True,True,medium,"visible_ap_count=0 (AP数不足,阈值 3)"
-7480.315432280302,4864867.4245626405,3,1,5,1,17,22,1371715110,5,-88.0,-92.6,-97.0,poor,True,False,True,medium,"max_rssi=-88 dBm (弱信号,阈值 -85 dBm)"
-7520.675900001079,4864892.411499999,3,1,3,2,17,22,1371714978,2,-93.0,-93.5,-94.0,poor,True,True,True,high,"max_rssi=-93 dBm (弱信号,阈值 -85 dBm); visible_ap_count=2 (AP数不足,阈值 3)"
-7520.755800001323,4864891.4821000025,3,1,14,2,17,22,1371715831,5,-92.0,-93.6,-95.0,poor,True,False,True,medium,"max_rssi=-92 dBm (弱信号,阈值 -85 dBm)"
-7470.539500001818,4864863.624300003,3,1,11,2,17,22,1371715560,7,-88.0,-92.0,-97.0,poor,True,False,True,medium,"max_rssi=-88 dBm (弱信号,阈值 -85 dBm)"
-7516.841499999165,4864889.291000001,3,1,13,2,17,22,1371715670,6,-90.0,-92.16666666666667,-94.0,poor,True,False,True,medium,"max_rssi=-90 dBm (弱信号,阈值 -85 dBm)"
-7474.670000001788,4864865.918799996,3,1,12,2,17,22,1371715603,6,-89.0,-94.16666666666667,-98.0,poor,True,False,True,medium,"max_rssi=-89 dBm (弱信号,阈值 -85 dBm)"
-7470.539500001818,4864863.624300003,3,1,11,2,17,22,1371715513,5,-92.0,-93.8,-96.0,poor,True,False,True,medium,"max_rssi=-92 dBm (弱信号,阈值 -85 dBm)"
-7526.49931300804,4864893.093802638,3,1,3,1,17,22,1371716309,2,-92.0,-93.0,-94.0,poor,True,True,True,high,"max_rssi=-92 dBm (弱信号,阈值 -85 dBm); visible_ap_count=2 (AP数不足,阈值 3)"
-7516.198399998248,4864889.940200001,3,1,4,2,17,22,1371714757,6,-89.0,-91.33333333333333,-97.0,poor,True,False,True,medium,"max_rssi=-89 dBm (弱信号,阈值 -85 dBm)"
-7516.198399998248,4864889.940200001,3,1,4,2,17,22,1371714710,5,-89.0,-91.0,-93.0,poor,True,False,True,medium,"max_rssi=-89 dBm (弱信号,阈值 -85 dBm)"
-7516.198399998248,4864889.940200001,3,1,4,2,17,22,1371714659,3,-93.0,-94.33333333333333,-97.0,poor,True,False,True,medium,"max_rssi=-93 dBm (弱信号,阈值 -85 dBm)"
-7480.315432280302,4864867.4245626405,3,1,5,1,17,22,1371715111,7,-87.0,-93.28571428571429,-99.0,poor,True,False,True,medium,"max_rssi=-87 dBm (弱信号,阈值 -85 dBm)"
-7512.540187384933,4864885.307564937,3,1,4,1,17,22,1371714898,5,-93.0,-95.8,-99.0,poor,True,False,True,medium,"max_rssi=-93 dBm (弱信号,阈值 -85 dBm)"
-7520.675900001079,4864892.411499999,3,1,3,2,17,22,1371714980,2,-92.0,-92.5,-93.0,poor,True,True,True,high,"max_rssi=-92 dBm (弱信号,阈值 -85 dBm); visible_ap_count=2 (AP数不足,阈值 3)"
-7474.607500001788,4864866.886100002,3,1,5,2,17,22,1371715063,4,-88.0,-91.5,-95.0,poor,True,False,True,medium,"max_rssi=-88 dBm (弱信号,阈值 -85 dBm)"
-7474.670000001788,4864865.918799996,3,1,12,2,17,22,1371715605,5,-88.0,-93.0,-98.0,poor,True,False,True,medium,"max_rssi=-88 dBm (弱信号,阈值 -85 dBm)"
-7469.9224000014365,4864864.392999999,3,1,6,2,17,22,1371715175,0,,,,none,False,True,True,medium,"visible_ap_count=0 (AP数不足,阈值 3)"
-7470.539500001818,4864863.624300003,3,1,11,2,17,22,1371715514,4,-89.0,-92.25,-95.0,poor,True,False,True,medium,"max_rssi=-89 dBm (弱信号,阈值 -85 dBm)"
-7466.322678111494,4864859.6990203485,3,1,6,1,17,22,1371715295,11,-86.0,-91.45454545454545,-98.0,poor,True,False,True,medium,"max_rssi=-86 dBm (弱信号,阈值 -85 dBm)"
-7470.539500001818,4864863.624300003,3,1,11,2,17,22,1371715563,9,-87.0,-92.0,-97.0,poor,True,False,True,medium,"max_rssi=-87 dBm (弱信号,阈值 -85 dBm)"
-7520.755800001323,4864891.4821000025,3,1,14,2,17,22,1371715724,4,-93.0,-95.25,-97.0,poor,True,False,True,medium,"max_rssi=-93 dBm (弱信号,阈值 -85 dBm)"
-7516.841499999165,4864889.291000001,3,1,13,2,17,22,1371715672,7,-89.0,-92.28571428571429,-95.0,poor,True,False,True,medium,"max_rssi=-89 dBm (弱信号,阈值 -85 dBm)"
-7520.755800001323,4864891.4821000025,3,1,14,2,17,22,1371715833,6,-91.0,-93.83333333333333,-96.0,poor,True,False,True,medium,"max_rssi=-91 dBm (弱信号,阈值 -85 dBm)"
-7526.49931300804,4864893.093802638,3,1,3,1,17,22,1371716310,2,-92.0,-92.5,-93.0,poor,True,True,True,high,"max_rssi=-92 dBm (弱信号,阈值 -85 dBm); visible_ap_count=2 (AP数不足,阈值 3)"
-7516.198399998248,4864889.940200001,3,1,4,2,17,22,1371714711,4,-90.0,-91.25,-92.0,poor,True,False,True,medium,"max_rssi=-90 dBm (弱信号,阈值 -85 dBm)"
-7516.198399998248,4864889.940200001,3,1,4,2,17,22,1371714759,5,-88.0,-90.6,-93.0,poor,True,False,True,medium,"max_rssi=-88 dBm (弱信号,阈值 -85 dBm)"
-7512.540187384933,4864885.307564937,3,1,4,1,17,22,1371714900,3,-93.0,-93.66666666666667,-95.0,poor,True,False,True,medium,"max_rssi=-93 dBm (弱信号,阈值 -85 dBm)"
-7512.540187384933,4864885.307564937,3,1,4,1,17,22,1371714831,7,-86.0,-92.71428571428571,-97.0,poor,True,False,True,medium,"max_rssi=-86 dBm (弱信号,阈值 -85 dBm)"
-7520.675900001079,4864892.411499999,3,1,3,2,17,22,1371714981,0,,,,none,False,True,True,medium,"visible_ap_count=0 (AP数不足,阈值 3)"
-7480.315432280302,4864867.4245626405,3,1,5,1,17,22,1371715113,6,-87.0,-92.5,-99.0,poor,True,False,True,medium,"max_rssi=-87 dBm (弱信号,阈值 -85 dBm)"
-7474.607500001788,4864866.886100002,3,1,5,2,17,22,1371715065,3,-86.0,-89.66666666666667,-96.0,poor,True,False,True,medium,"max_rssi=-86 dBm (弱信号,阈值 -85 dBm)"
-7469.9224000014365,4864864.392999999,3,1,6,2,17,22,1371715175,0,,,,none,False,True,True,medium,"visible_ap_count=0 (AP数不足,阈值 3)"
-7470.539500001818,4864863.624300003,3,1,11,2,17,22,1371715564,5,-88.0,-90.4,-94.0,poor,True,False,True,medium,"max_rssi=-88 dBm (弱信号,阈值 -85 dBm)"
-7466.322678111494,4864859.6990203485,3,1,6,1,17,22,1371715295,6,-86.0,-90.33333333333333,-98.0,poor,True,False,True,medium,"max_rssi=-86 dBm (弱信号,阈值 -85 dBm)"
-7520.755800001323,4864891.4821000025,3,1,14,2,17,22,1371715735,6,-95.0,-96.16666666666667,-97.0,poor,True,False,True,medium,"max_rssi=-95 dBm (弱信号,阈值 -85 dBm)"
-7474.670000001788,4864865.918799996,3,1,12,2,17,22,1371715606,5,-87.0,-93.6,-98.0,poor,True,False,True,medium,"max_rssi=-87 dBm (弱信号,阈值 -85 dBm)"
-7516.841499999165,4864889.291000001,3,1,13,2,17,22,1371715674,7,-90.0,-91.57142857142857,-93.0,poor,True,False,True,medium,"max_rssi=-90 dBm (弱信号,阈值 -85 dBm)"
-7520.755800001323,4864891.4821000025,3,1,14,2,17,22,1371715834,5,-91.0,-92.6,-94.0,poor,True,False,True,medium,"max_rssi=-91 dBm (弱信号,阈值 -85 dBm)"
-7526.49931300804,4864893.093802638,3,1,3,1,17,22,1371716312,2,-91.0,-91.5,-92.0,poor,True,True,True,high,"max_rssi=-91 dBm (弱信号,阈值 -85 dBm); visible_ap_count=2 (AP数不足,阈值 3)"
-7516.198399998248,4864889.940200001,3,1,4,2,17,22,1371714761,8,-89.0,-92.25,-99.0,poor,True,False,True,medium,"max_rssi=-89 dBm (弱信号,阈值 -85 dBm)"
-7520.675900001079,4864892.411499999,3,1,3,2,17,22,1371714982,0,,,,none,False,True,True,medium,"visible_ap_count=0 (AP数不足,阈值 3)"
-7512.540187384933,4864885.307564937,3,1,4,1,17,22,1371714831,5,-86.0,-92.0,-96.0,poor,True,False,True,medium,"max_rssi=-86 dBm (弱信号,阈值 -85 dBm)"
-7512.540187384933,4864885.307564937,3,1,4,1,17,22,1371714901,4,-93.0,-94.75,-99.0,poor,True,False,True,medium,"max_rssi=-93 dBm (弱信号,阈值 -85 dBm)"
-7516.198399998248,4864889.940200001,3,1,4,2,17,22,1371714713,4,-90.0,-91.0,-92.0,poor,True,False,True,medium,"max_rssi=-90 dBm (弱信号,阈值 -85 dBm)"
-7474.607500001788,4864866.886100002,3,1,5,2,17,22,1371715066,4,-87.0,-91.25,-96.0,poor,True,False,True,medium,"max_rssi=-87 dBm (弱信号,阈值 -85 dBm)"
-7469.9224000014365,4864864.392999999,3,1,6,2,17,22,1371715176,0,,,,none,False,True,True,medium,"visible_ap_count=0 (AP数不足,阈值 3)"
-7466.322678111494,4864859.6990203485,3,1,6,1,17,22,1371715299,9,-87.0,-90.77777777777777,-99.0,poor,True,False,True,medium,"max_rssi=-87 dBm (弱信号,阈值 -85 dBm)"
-7480.315432280302,4864867.4245626405,3,1,5,1,17,22,1371715114,6,-88.0,-92.83333333333333,-97.0,poor,True,False,True,medium,"max_rssi=-88 dBm (弱信号,阈值 -85 dBm)"
-7520.755800001323,4864891.4821000025,3,1,14,2,17,22,1371715836,5,-93.0,-94.2,-96.0,poor,True,False,True,medium,"max_rssi=-93 dBm (弱信号,阈值 -85 dBm)"
-7470.539500001818,4864863.624300003,3,1,11,2,17,22,1371715566,6,-88.0,-91.66666666666667,-96.0,poor,True,False,True,medium,"max_rssi=-88 dBm (弱信号,阈值 -85 dBm)"
-7516.841499999165,4864889.291000001,3,1,13,2,17,22,1371715675,7,-91.0,-92.57142857142857,-96.0,poor,True,False,True,medium,"max_rssi=-91 dBm (弱信号,阈值 -85 dBm)"
-7474.670000001788,4864865.918799996,3,1,12,2,17,22,1371715608,4,-88.0,-92.5,-97.0,poor,True,False,True,medium,"max_rssi=-88 dBm (弱信号,阈值 -85 dBm)"
-7526.49931300804,4864893.093802638,3,1,3,1,17,22,1371716314,2,-92.0,-93.0,-94.0,poor,True,True,True,high,"max_rssi=-92 dBm (弱信号,阈值 -85 dBm); visible_ap_count=2 (AP数不足,阈值 3)"
-7512.540187384933,4864885.307564937,3,1,4,1,17,22,1371714831,5,-87.0,-92.4,-97.0,poor,True,False,True,medium,"max_rssi=-87 dBm (弱信号,阈值 -85 dBm)"
-7512.540187384933,4864885.307564937,3,1,4,1,17,22,1371714903,3,-92.0,-93.66666666666667,-97.0,poor,True,False,True,medium,"max_rssi=-92 dBm (弱信号,阈值 -85 dBm)"
-7516.198399998248,4864889.940200001,3,1,4,2,17,22,1371714762,5,-88.0,-90.4,-92.0,poor,True,False,True,medium,"max_rssi=-88 dBm (弱信号,阈值 -85 dBm)"
-7516.198399998248,4864889.940200001,3,1,4,2,17,22,1371714714,3,-89.0,-91.33333333333333,-94.0,poor,True,False,True,medium,"max_rssi=-89 dBm (弱信号,阈值 -85 dBm)"
-7516.198399998248,4864889.940200001,3,1,4,2,17,22,1371714662,4,-90.0,-91.75,-94.0,poor,True,False,True,medium,"max_rssi=-90 dBm (弱信号,阈值 -85 dBm)"
-7480.315432280302,4864867.4245626405,3,1,5,1,17,22,1371715117,9,-87.0,-94.22222222222223,-100.0,poor,True,False,True,medium,"max_rssi=-87 dBm (弱信号,阈值 -85 dBm)"
-7520.675900001079,4864892.411499999,3,1,3,2,17,22,1371714982,3,-92.0,-95.33333333333333,-98.0,poor,True,False,True,medium,"max_rssi=-92 dBm (弱信号,阈值 -85 dBm)"
-7474.607500001788,4864866.886100002,3,1,5,2,17,22,1371715068,4,-88.0,-92.0,-96.0,poor,True,False,True,medium,"max_rssi=-88 dBm (弱信号,阈值 -85 dBm)"
-7466.322678111494,4864859.6990203485,3,1,6,1,17,22,1371715300,10,-87.0,-91.1,-97.0,poor,True,False,True,medium,"max_rssi=-87 dBm (弱信号,阈值 -85 dBm)"
-7469.9224000014365,4864864.392999999,3,1,6,2,17,22,1371715176,0,,,,none,False,True,True,medium,"visible_ap_count=0 (AP数不足,阈值 3)"
-7470.539500001818,4864863.624300003,3,1,11,2,17,22,1371715567,7,-87.0,-90.42857142857143,-97.0,poor,True,False,True,medium,"max_rssi=-87 dBm (弱信号,阈值 -85 dBm)"
-7520.755800001323,4864891.4821000025,3,1,14,2,17,22,1371715837,6,-90.0,-93.16666666666667,-96.0,poor,True,False,True,medium,"max_rssi=-90 dBm (弱信号,阈值 -85 dBm)"
-7474.670000001788,4864865.918799996,3,1,12,2,17,22,1371715609,5,-88.0,-93.8,-100.0,poor,True,False,True,medium,"max_rssi=-88 dBm (弱信号,阈值 -85 dBm)"
-7516.841499999165,4864889.291000001,3,1,13,2,17,22,1371715678,7,-90.0,-93.14285714285714,-96.0,poor,True,False,True,medium,"max_rssi=-90 dBm (弱信号,阈值 -85 dBm)"
-7526.49931300804,4864893.093802638,3,1,3,1,17,22,1371716276,2,-95.0,-95.5,-96.0,poor,True,True,True,high,"max_rssi=-95 dBm (弱信号,阈值 -85 dBm); visible_ap_count=2 (AP数不足,阈值 3)"
-7526.49931300804,4864893.093802638,3,1,3,1,17,22,1371716315,2,-94.0,-94.5,-95.0,poor,True,True,True,high,"max_rssi=-94 dBm (弱信号,阈值 -85 dBm); visible_ap_count=2 (AP数不足,阈值 3)"
-7516.198399998248,4864889.940200001,3,1,4,2,17,22,1371714718,5,-90.0,-93.2,-97.0,poor,True,False,True,medium,"max_rssi=-90 dBm (弱信号,阈值 -85 dBm)"
-7516.198399998248,4864889.940200001,3,1,4,2,17,22,1371714764,4,-89.0,-90.25,-92.0,poor,True,False,True,medium,"max_rssi=-89 dBm (弱信号,阈值 -85 dBm)"
-7516.198399998248,4864889.940200001,3,1,4,2,17,22,1371714663,2,-92.0,-92.5,-93.0,poor,True,True,True,high,"max_rssi=-92 dBm (弱信号,阈值 -85 dBm); visible_ap_count=2 (AP数不足,阈值 3)"
-7512.540187384933,4864885.307564937,3,1,4,1,17,22,1371714831,5,-88.0,-92.6,-96.0,poor,True,False,True,medium,"max_rssi=-88 dBm (弱信号,阈值 -85 dBm)"
-7469.9224000014365,4864864.392999999,3,1,6,2,17,22,1371715177,1,-95.0,-95.0,-95.0,poor,True,True,True,high,"max_rssi=-95 dBm (弱信号,阈值 -85 dBm); visible_ap_count=1 (AP数不足,阈值 3)"
-7480.315432280302,4864867.4245626405,3,1,5,1,17,22,1371715117,8,-90.0,-93.875,-98.0,poor,True,False,True,medium,"max_rssi=-90 dBm (弱信号,阈值 -85 dBm)"
-7474.607500001788,4864866.886100002,3,1,5,2,17,22,1371715069,4,-88.0,-91.25,-95.0,poor,True,False,True,medium,"max_rssi=-88 dBm (弱信号,阈值 -85 dBm)"
-7520.675900001079,4864892.411499999,3,1,3,2,17,22,1371714994,1,-96.0,-96.0,-96.0,poor,True,True,True,high,"max_rssi=-96 dBm (弱信号,阈值 -85 dBm); visible_ap_count=1 (AP数不足,阈值 3)"
-7512.540187384933,4864885.307564937,3,1,4,1,17,22,1371714905,3,-92.0,-93.0,-94.0,poor,True,False,True,medium,"max_rssi=-92 dBm (弱信号,阈值 -85 dBm)"
-7470.539500001818,4864863.624300003,3,1,11,2,17,22,1371715569,8,-88.0,-92.75,-98.0,poor,True,False,True,medium,"max_rssi=-88 dBm (弱信号,阈值 -85 dBm)"
-7466.322678111494,4864859.6990203485,3,1,6,1,17,22,1371715304,12,-87.0,-91.83333333333333,-97.0,poor,True,False,True,medium,"max_rssi=-87 dBm (弱信号,阈值 -85 dBm)"
-7474.670000001788,4864865.918799996,3,1,12,2,17,22,1371715611,4,-88.0,-92.0,-97.0,poor,True,False,True,medium,"max_rssi=-88 dBm (弱信号,阈值 -85 dBm)"
-7470.539500001818,4864863.624300003,3,1,11,2,17,22,1371715519,3,-92.0,-94.0,-97.0,poor,True,False,True,medium,"max_rssi=-92 dBm (弱信号,阈值 -85 dBm)"
-7526.49931300804,4864893.093802638,3,1,3,1,17,22,1371716276,2,-95.0,-95.5,-96.0,poor,True,True,True,high,"max_rssi=-95 dBm (弱信号,阈值 -85 dBm); visible_ap_count=2 (AP数不足,阈值 3)"
-7516.841499999165,4864889.291000001,3,1,13,2,17,22,1371715680,8,-93.0,-94.125,-96.0,poor,True,False,True,medium,"max_rssi=-93 dBm (弱信号,阈值 -85 dBm)"
-7526.49931300804,4864893.093802638,3,1,3,1,17,22,1371716316,3,-92.0,-94.33333333333333,-98.0,poor,True,False,True,medium,"max_rssi=-92 dBm (弱信号,阈值 -85 dBm)"
-7520.755800001323,4864891.4821000025,3,1,14,2,17,22,1371715839,8,-91.0,-94.25,-96.0,poor,True,False,True,medium,"max_rssi=-91 dBm (弱信号,阈值 -85 dBm)"
-7516.198399998248,4864889.940200001,3,1,4,2,18,10,1371710818,10,-86.0,-90.6,-94.0,poor,True,False,True,medium,"max_rssi=-86 dBm (弱信号,阈值 -85 dBm)"
-7516.841499999165,4864889.291000001,3,1,13,2,18,10,1371710922,7,-88.0,-92.0,-94.0,poor,True,False,True,medium,"max_rssi=-88 dBm (弱信号,阈值 -85 dBm)"
-7516.198399998248,4864889.940200001,3,1,4,2,18,10,1371710809,8,-86.0,-89.875,-96.0,poor,True,False,True,medium,"max_rssi=-86 dBm (弱信号,阈值 -85 dBm)"
-7516.841499999165,4864889.291000001,3,1,13,2,18,10,1371710912,7,-90.0,-91.85714285714286,-93.0,poor,True,False,True,medium,"max_rssi=-90 dBm (弱信号,阈值 -85 dBm)"
-7516.198399998248,4864889.940200001,3,1,4,2,18,10,1371710810,8,-86.0,-90.375,-97.0,poor,True,False,True,medium,"max_rssi=-86 dBm (弱信号,阈值 -85 dBm)"
-7520.675900001079,4864892.411499999,3,1,3,2,18,10,1371710831,3,-91.0,-93.0,-96.0,poor,True,False,True,medium,"max_rssi=-91 dBm (弱信号,阈值 -85 dBm)"
-7516.841499999165,4864889.291000001,3,1,13,2,18,10,1371710913,5,-92.0,-92.8,-93.0,poor,True,False,True,medium,"max_rssi=-92 dBm (弱信号,阈值 -85 dBm)"
-7516.198399998248,4864889.940200001,3,1,4,2,18,10,1371710811,8,-87.0,-90.625,-97.0,poor,True,False,True,medium,"max_rssi=-87 dBm (弱信号,阈值 -85 dBm)"
-7516.841499999165,4864889.291000001,3,1,13,2,18,10,1371710916,6,-90.0,-91.66666666666667,-93.0,poor,True,False,True,medium,"max_rssi=-90 dBm (弱信号,阈值 -85 dBm)"
-7520.675900001079,4864892.411499999,3,1,3,2,18,10,1371710831,5,-91.0,-92.8,-96.0,poor,True,False,True,medium,"max_rssi=-91 dBm (弱信号,阈值 -85 dBm)"
-7516.841499999165,4864889.291000001,3,1,13,2,18,10,1371710917,2,-90.0,-90.5,-91.0,poor,True,True,True,high,"max_rssi=-90 dBm (弱信号,阈值 -85 dBm); visible_ap_count=2 (AP数不足,阈值 3)"
-7516.198399998248,4864889.940200001,3,1,4,2,18,10,1371710812,6,-86.0,-89.16666666666667,-94.0,poor,True,False,True,medium,"max_rssi=-86 dBm (弱信号,阈值 -85 dBm)"
-7516.198399998248,4864889.940200001,3,1,4,2,18,10,1371710813,8,-87.0,-89.75,-95.0,poor,True,False,True,medium,"max_rssi=-87 dBm (弱信号,阈值 -85 dBm)"
-7516.841499999165,4864889.291000001,3,1,13,2,18,10,1371710919,5,-91.0,-92.0,-93.0,poor,True,False,True,medium,"max_rssi=-91 dBm (弱信号,阈值 -85 dBm)"
-7516.198399998248,4864889.940200001,3,1,4,2,18,10,1371710814,7,-87.0,-90.28571428571429,-96.0,poor,True,False,True,medium,"max_rssi=-87 dBm (弱信号,阈值 -85 dBm)"
-7516.841499999165,4864889.291000001,3,1,13,2,18,10,1371710920,6,-92.0,-92.66666666666667,-94.0,poor,True,False,True,medium,"max_rssi=-92 dBm (弱信号,阈值 -85 dBm)"
-7516.198399998248,4864889.940200001,3,1,4,2,18,10,1371710815,7,-87.0,-89.42857142857143,-93.0,poor,True,False,True,medium,"max_rssi=-87 dBm (弱信号,阈值 -85 dBm)"
-7516.841499999165,4864889.291000001,3,1,13,2,18,10,1371710920,6,-91.0,-93.5,-98.0,poor,True,False,True,medium,"max_rssi=-91 dBm (弱信号,阈值 -85 dBm)"
-7516.198399998248,4864889.940200001,3,1,4,2,18,10,1371710816,9,-88.0,-91.11111111111111,-96.0,poor,True,False,True,medium,"max_rssi=-88 dBm (弱信号,阈值 -85 dBm)"
-7516.198399998248,4864889.940200001,3,1,4,2,18,10,1371710817,8,-87.0,-90.25,-94.0,poor,True,False,True,medium,"max_rssi=-87 dBm (弱信号,阈值 -85 dBm)"
-7516.841499999165,4864889.291000001,3,1,13,2,18,10,1371710921,6,-92.0,-93.0,-95.0,poor,True,False,True,medium,"max_rssi=-92 dBm (弱信号,阈值 -85 dBm)"
